,name,pers per gallon ,cylinders,displacement,horsepower,weight,acceleration,model_year,origin
0,chevrolet chevelle malibu,18.0,8,307.0,130.0,3504,12.0,70,usa
1,buick skylark 320,15.0,8,350.0,165.0,3693,11.5,70,usa
2,plymouth satellite,18.0,8,318.0,150.0,3436,11.0,70,usa
3,amc rebel sst,16.0,8,304.0,150.0,3433,12.0,70,usa
4,ford torino,17.0,8,302.0,140.0,3449,10.5,70,usa
5,ford galaxie 500,15.0,8,429.0,198.0,4341,10.0,70,usa
6,chevrolet impala,14.0,8,454.0,220.0,4354,9.0,70,usa
7,plymouth fury iii,14.0,8,440.0,215.0,4312,8.5,70,usa
8,pontiac catalina,14.0,8,455.0,225.0,4425,10.0,70,usa
9,amc ambassador dpl,15.0,8,390.0,190.0,3850,8.5,70,usa
10,dodge challenger se,15.0,8,383.0,170.0,3563,10.0,70,usa
11,plymouth 'cuda 340,14.0,8,340.0,160.0,3609,8.0,70,usa
12,chevrolet monte carlo,15.0,8,400.0,150.0,3761,9.5,70,usa
13,buick estate wagon (sw),14.0,8,455.0,225.0,3086,10.0,70,usa
14,toyota corona mark ii,24.0,4,113.0,95.0,2372,15.0,70,japan
15,plymouth duster,22.0,6,198.0,95.0,2833,15.5,70,usa
16,amc hornet,18.0,6,199.0,97.0,2774,15.5,70,usa
17,ford maverick,21.0,6,200.0,85.0,2587,16.0,70,usa
18,datsun pl510,27.0,4,97.0,88.0,2130,14.5,70,japan
19,volkswagen 1131 deluxe sedan,26.0,4,97.0,46.0,1835,20.5,70,europe
20,peugeot 504,25.0,4,110.0,87.0,2672,17.5,70,europe
21,audi 100 ls,24.0,4,107.0,90.0,2430,14.5,70,europe
22,saab 99e,25.0,4,104.0,95.0,2375,17.5,70,europe
23,bmw 2002,26.0,4,121.0,113.0,2234,12.5,70,europe
24,amc gremlin,21.0,6,199.0,90.0,2648,15.0,70,usa
25,ford f250,10.0,8,360.0,215.0,4615,14.0,70,usa
26,chevy c20,10.0,8,307.0,200.0,4376,15.0,70,usa
27,dodge d200,11.0,8,318.0,210.0,4382,13.5,70,usa
28,hi 1200d,9.0,8,304.0,193.0,4732,18.5,70,usa
29,datsun pl510,27.0,4,97.0,88.0,2130,14.5,71,japan
30,chevrolet vega 2300,28.0,4,140.0,90.0,2264,15.5,71,usa
31,toyota corona,25.0,4,113.0,95.0,2228,14.0,71,japan
32,ford pinto,25.0,4,98.0,104.46938775510205,2046,19.0,71,usa
33,amc gremlin,19.0,6,232.0,100.0,2634,13.0,71,usa
34,plymouth satellite custom,16.0,6,225.0,105.0,3439,15.5,71,usa
35,chevrolet chevelle malibu,17.0,6,250.0,100.0,3329,15.5,71,usa
36,ford torino 500,19.0,6,250.0,88.0,3302,15.5,71,usa
37,amc matador,18.0,6,232.0,100.0,3288,15.5,71,usa
38,chevrolet impala,14.0,8,350.0,165.0,4209,12.0,71,usa
39,pontiac catalina brougham,14.0,8,400.0,175.0,4464,11.5,71,usa
40,ford galaxie 500,14.0,8,351.0,153.0,4154,13.5,71,usa
41,plymouth fury iii,14.0,8,318.0,150.0,4096,13.0,71,usa
42,dodge monaco (sw),12.0,8,383.0,180.0,4955,11.5,71,usa
43,ford country squire (sw),13.0,8,400.0,170.0,4746,12.0,71,usa
44,pontiac safari (sw),13.0,8,400.0,175.0,5140,12.0,71,usa
45,amc hornet sportabout (sw),18.0,6,258.0,110.0,2962,13.5,71,usa
46,chevrolet vega (sw),22.0,4,140.0,72.0,2408,19.0,71,usa
47,pontiac firebird,19.0,6,250.0,100.0,3282,15.0,71,usa
48,ford mustang,18.0,6,250.0,88.0,3139,14.5,71,usa
49,mercury capri 2000,23.0,4,122.0,86.0,2220,14.0,71,usa
50,opel 1900,28.0,4,116.0,90.0,2123,14.0,71,europe
51,peugeot 304,30.0,4,79.0,70.0,2074,19.5,71,europe
52,fiat 124b,30.0,4,88.0,76.0,2065,14.5,71,europe
53,toyota corolla 1200,31.0,4,71.0,65.0,1773,19.0,71,japan
54,datsun 1200,35.0,4,72.0,69.0,1613,18.0,71,japan
55,volkswagen model 111,27.0,4,97.0,60.0,1834,19.0,71,europe
56,plymouth cricket,26.0,4,91.0,70.0,1955,20.5,71,usa
57,toyota corona hardtop,24.0,4,113.0,95.0,2278,15.5,72,japan
58,dodge colt hardtop,25.0,4,97.5,80.0,2126,17.0,72,usa
59,volkswagen type 3,23.0,4,97.0,54.0,2254,23.5,72,europe
60,chevrolet vega,20.0,4,140.0,90.0,2408,19.5,72,usa
61,ford pinto runabout,21.0,4,122.0,86.0,2226,16.5,72,usa
62,chevrolet impala,13.0,8,350.0,165.0,4274,12.0,72,usa
63,pontiac catalina,14.0,8,400.0,175.0,4385,12.0,72,usa
64,plymouth fury iii,15.0,8,318.0,150.0,4135,13.5,72,usa
65,ford galaxie 500,14.0,8,351.0,153.0,4129,13.0,72,usa
66,amc ambassador sst,17.0,8,304.0,150.0,3672,11.5,72,usa
67,mercury marquis,11.0,8,429.0,208.0,4633,11.0,72,usa
68,buick lesabre custom,13.0,8,350.0,155.0,4502,13.5,72,usa
69,oldsmobile delta 88 royale,12.0,8,350.0,160.0,4456,13.5,72,usa
70,chrysler newport royal,13.0,8,400.0,190.0,4422,12.5,72,usa
71,mazda rx2 coupe,19.0,3,70.0,97.0,2330,13.5,72,japan
72,amc matador (sw),15.0,8,304.0,150.0,3892,12.5,72,usa
73,chevrolet chevelle concours (sw),13.0,8,307.0,130.0,4098,14.0,72,usa
74,ford gran torino (sw),13.0,8,302.0,140.0,4294,16.0,72,usa
75,plymouth satellite custom (sw),14.0,8,318.0,150.0,4077,14.0,72,usa
76,volvo 145e (sw),18.0,4,121.0,112.0,2933,14.5,72,europe
77,volkswagen 411 (sw),22.0,4,121.0,76.0,2511,18.0,72,europe
78,peugeot 504 (sw),21.0,4,120.0,87.0,2979,19.5,72,europe
79,renault 12 (sw),26.0,4,96.0,69.0,2189,18.0,72,europe
80,ford pinto (sw),22.0,4,122.0,86.0,2395,16.0,72,usa
81,datsun 510 (sw),28.0,4,97.0,92.0,2288,17.0,72,japan
82,toyouta corona mark ii (sw),23.0,4,120.0,97.0,2506,14.5,72,japan
83,dodge colt (sw),28.0,4,98.0,80.0,2164,15.0,72,usa
84,toyota corolla 1600 (sw),27.0,4,97.0,88.0,2100,16.5,72,japan
85,buick century 350,13.0,8,350.0,175.0,4100,13.0,73,usa
86,amc matador,14.0,8,304.0,150.0,3672,11.5,73,usa
87,chevrolet malibu,13.0,8,350.0,145.0,3988,13.0,73,usa
88,ford gran torino,14.0,8,302.0,137.0,4042,14.5,73,usa
89,dodge coronet custom,15.0,8,318.0,150.0,3777,12.5,73,usa
90,mercury marquis brougham,12.0,8,429.0,198.0,4952,11.5,73,usa
91,chevrolet caprice classic,13.0,8,400.0,150.0,4464,12.0,73,usa
92,ford ltd,13.0,8,351.0,158.0,4363,13.0,73,usa
93,plymouth fury gran sedan,14.0,8,318.0,150.0,4237,14.5,73,usa
94,chrysler new yorker brougham,13.0,8,440.0,215.0,4735,11.0,73,usa
95,buick electra 225 custom,12.0,8,455.0,225.0,4951,11.0,73,usa
96,amc ambassador brougham,13.0,8,360.0,175.0,3821,11.0,73,usa
97,plymouth valiant,18.0,6,225.0,105.0,3121,16.5,73,usa
98,chevrolet nova custom,16.0,6,250.0,100.0,3278,18.0,73,usa
99,amc hornet,18.0,6,232.0,100.0,2945,16.0,73,usa
100,ford maverick,18.0,6,250.0,88.0,3021,16.5,73,usa
101,plymouth duster,23.0,6,198.0,95.0,2904,16.0,73,usa
102,volkswagen super beetle,26.0,4,97.0,46.0,1950,21.0,73,europe
103,chevrolet impala,11.0,8,400.0,150.0,4997,14.0,73,usa
104,ford country,12.0,8,400.0,167.0,4906,12.5,73,usa
105,plymouth custom suburb,13.0,8,360.0,170.0,4654,13.0,73,usa
106,oldsmobile vista cruiser,12.0,8,350.0,180.0,4499,12.5,73,usa
107,amc gremlin,18.0,6,232.0,100.0,2789,15.0,73,usa
108,toyota carina,20.0,4,97.0,88.0,2279,19.0,73,japan
109,chevrolet vega,21.0,4,140.0,72.0,2401,19.5,73,usa
110,datsun 610,22.0,4,108.0,94.0,2379,16.5,73,japan
111,maxda rx3,18.0,3,70.0,90.0,2124,13.5,73,japan
112,ford pinto,19.0,4,122.0,85.0,2310,18.5,73,usa
113,mercury capri v6,21.0,6,155.0,107.0,2472,14.0,73,usa
114,fiat 124 sport coupe,26.0,4,98.0,90.0,2265,15.5,73,europe
115,chevrolet monte carlo s,15.0,8,350.0,145.0,4082,13.0,73,usa
116,pontiac grand prix,16.0,8,400.0,230.0,4278,9.5,73,usa
117,fiat 128,29.0,4,68.0,49.0,1867,19.5,73,europe
118,opel manta,24.0,4,116.0,75.0,2158,15.5,73,europe
119,audi 100ls,20.0,4,114.0,91.0,2582,14.0,73,europe
120,volvo 144ea,19.0,4,121.0,112.0,2868,15.5,73,europe
121,dodge dart custom,15.0,8,318.0,150.0,3399,11.0,73,usa
122,saab 99le,24.0,4,121.0,110.0,2660,14.0,73,europe
123,toyota mark ii,20.0,6,156.0,122.0,2807,13.5,73,japan
124,oldsmobile omega,11.0,8,350.0,180.0,3664,11.0,73,usa
125,plymouth duster,20.0,6,198.0,95.0,3102,16.5,74,usa
126,ford maverick,21.0,6,200.0,104.46938775510205,2875,17.0,74,usa
127,amc hornet,19.0,6,232.0,100.0,2901,16.0,74,usa
128,chevrolet nova,15.0,6,250.0,100.0,3336,17.0,74,usa
129,datsun b210,31.0,4,79.0,67.0,1950,19.0,74,japan
130,ford pinto,26.0,4,122.0,80.0,2451,16.5,74,usa
131,toyota corolla 1200,32.0,4,71.0,65.0,1836,21.0,74,japan
132,chevrolet vega,25.0,4,140.0,75.0,2542,17.0,74,usa
133,chevrolet chevelle malibu classic,16.0,6,250.0,100.0,3781,17.0,74,usa
134,amc matador,16.0,6,258.0,110.0,3632,18.0,74,usa
135,plymouth satellite sebring,18.0,6,225.0,105.0,3613,16.5,74,usa
136,ford gran torino,16.0,8,302.0,140.0,4141,14.0,74,usa
137,buick century luxus (sw),13.0,8,350.0,150.0,4699,14.5,74,usa
138,dodge coronet custom (sw),14.0,8,318.0,150.0,4457,13.5,74,usa
139,ford gran torino (sw),14.0,8,302.0,140.0,4638,16.0,74,usa
140,amc matador (sw),14.0,8,304.0,150.0,4257,15.5,74,usa
141,audi fox,29.0,4,98.0,83.0,2219,16.5,74,europe
142,volkswagen dasher,26.0,4,79.0,67.0,1963,15.5,74,europe
143,opel manta,26.0,4,97.0,78.0,2300,14.5,74,europe
144,toyota corona,31.0,4,76.0,52.0,1649,16.5,74,japan
145,datsun 710,32.0,4,83.0,61.0,2003,19.0,74,japan
146,dodge colt,28.0,4,90.0,75.0,2125,14.5,74,usa
147,fiat 128,24.0,4,90.0,75.0,2108,15.5,74,europe
148,fiat 124 tc,26.0,4,116.0,75.0,2246,14.0,74,europe
149,honda civic,24.0,4,120.0,97.0,2489,15.0,74,japan
150,subaru,26.0,4,108.0,93.0,2391,15.5,74,japan
151,fiat x1.9,31.0,4,79.0,67.0,2000,16.0,74,europe
152,plymouth valiant custom,19.0,6,225.0,95.0,3264,16.0,75,usa
153,chevrolet nova,18.0,6,250.0,105.0,3459,16.0,75,usa
154,mercury monarch,15.0,6,250.0,72.0,3432,21.0,75,usa
155,ford maverick,15.0,6,250.0,72.0,3158,19.5,75,usa
156,pontiac catalina,16.0,8,400.0,170.0,4668,11.5,75,usa
157,chevrolet bel air,15.0,8,350.0,145.0,4440,14.0,75,usa
158,plymouth grand fury,16.0,8,318.0,150.0,4498,14.5,75,usa
159,ford ltd,14.0,8,351.0,148.0,4657,13.5,75,usa
160,buick century,17.0,6,231.0,110.0,3907,21.0,75,usa
161,chevroelt chevelle malibu,16.0,6,250.0,105.0,3897,18.5,75,usa
162,amc matador,15.0,6,258.0,110.0,3730,19.0,75,usa
163,plymouth fury,18.0,6,225.0,95.0,3785,19.0,75,usa
164,buick skyhawk,21.0,6,231.0,110.0,3039,15.0,75,usa
165,chevrolet monza 2+2,20.0,8,262.0,110.0,3221,13.5,75,usa
166,ford mustang ii,13.0,8,302.0,129.0,3169,12.0,75,usa
167,toyota corolla,29.0,4,97.0,75.0,2171,16.0,75,japan
168,ford pinto,23.0,4,140.0,83.0,2639,17.0,75,usa
169,amc gremlin,20.0,6,232.0,100.0,2914,16.0,75,usa
170,pontiac astro,23.0,4,140.0,78.0,2592,18.5,75,usa
171,toyota corona,24.0,4,134.0,96.0,2702,13.5,75,japan
172,volkswagen dasher,25.0,4,90.0,71.0,2223,16.5,75,europe
173,datsun 710,24.0,4,119.0,97.0,2545,17.0,75,japan
174,ford pinto,18.0,6,171.0,97.0,2984,14.5,75,usa
175,volkswagen rabbit,29.0,4,90.0,70.0,1937,14.0,75,europe
176,amc pacer,19.0,6,232.0,90.0,3211,17.0,75,usa
177,audi 100ls,23.0,4,115.0,95.0,2694,15.0,75,europe
178,peugeot 504,23.0,4,120.0,88.0,2957,17.0,75,europe
179,volvo 244dl,22.0,4,121.0,98.0,2945,14.5,75,europe
180,saab 99le,25.0,4,121.0,115.0,2671,13.5,75,europe
181,honda civic cvcc,33.0,4,91.0,53.0,1795,17.5,75,japan
182,fiat 131,28.0,4,107.0,86.0,2464,15.5,76,europe
183,opel 1900,25.0,4,116.0,81.0,2220,16.9,76,europe
184,capri ii,25.0,4,140.0,92.0,2572,14.9,76,usa
185,dodge colt,26.0,4,98.0,79.0,2255,17.7,76,usa
186,renault 12tl,27.0,4,101.0,83.0,2202,15.3,76,europe
187,chevrolet chevelle malibu classic,17.5,8,305.0,140.0,4215,13.0,76,usa
188,dodge coronet brougham,16.0,8,318.0,150.0,4190,13.0,76,usa
189,amc matador,15.5,8,304.0,120.0,3962,13.9,76,usa
190,ford gran torino,14.5,8,351.0,152.0,4215,12.8,76,usa
191,plymouth valiant,22.0,6,225.0,100.0,3233,15.4,76,usa
192,chevrolet nova,22.0,6,250.0,105.0,3353,14.5,76,usa
193,ford maverick,24.0,6,200.0,81.0,3012,17.6,76,usa
194,amc hornet,22.5,6,232.0,90.0,3085,17.6,76,usa
195,chevrolet chevette,29.0,4,85.0,52.0,2035,22.2,76,usa
196,chevrolet woody,24.5,4,98.0,60.0,2164,22.1,76,usa
197,vw rabbit,29.0,4,90.0,70.0,1937,14.2,76,europe
198,honda civic,33.0,4,91.0,53.0,1795,17.4,76,japan
199,dodge aspen se,20.0,6,225.0,100.0,3651,17.7,76,usa
200,ford granada ghia,18.0,6,250.0,78.0,3574,21.0,76,usa
201,pontiac ventura sj,18.5,6,250.0,110.0,3645,16.2,76,usa
202,amc pacer d/l,17.5,6,258.0,95.0,3193,17.8,76,usa
203,volkswagen rabbit,29.5,4,97.0,71.0,1825,12.2,76,europe
204,datsun b-210,32.0,4,85.0,70.0,1990,17.0,76,japan
205,toyota corolla,28.0,4,97.0,75.0,2155,16.4,76,japan
206,ford pinto,26.5,4,140.0,72.0,2565,13.6,76,usa
207,volvo 245,20.0,4,130.0,102.0,3150,15.7,76,europe
208,plymouth volare premier v8,13.0,8,318.0,150.0,3940,13.2,76,usa
209,peugeot 504,19.0,4,120.0,88.0,3270,21.9,76,europe
210,toyota mark ii,19.0,6,156.0,108.0,2930,15.5,76,japan
211,mercedes-benz 280s,16.5,6,168.0,120.0,3820,16.7,76,europe
212,cadillac seville,16.5,8,350.0,180.0,4380,12.1,76,usa
213,chevy c10,13.0,8,350.0,145.0,4055,12.0,76,usa
214,ford f108,13.0,8,302.0,130.0,3870,15.0,76,usa
215,dodge d100,13.0,8,318.0,150.0,3755,14.0,76,usa
216,honda accord cvcc,31.5,4,98.0,68.0,2045,18.5,77,japan
217,buick opel isuzu deluxe,30.0,4,111.0,80.0,2155,14.8,77,usa
218,renault 5 gtl,36.0,4,79.0,58.0,1825,18.6,77,europe
219,plymouth arrow gs,25.5,4,122.0,96.0,2300,15.5,77,usa
220,datsun f-10 hatchback,33.5,4,85.0,70.0,1945,16.8,77,japan
221,chevrolet caprice classic,17.5,8,305.0,145.0,3880,12.5,77,usa
222,oldsmobile cutlass supreme,17.0,8,260.0,110.0,4060,19.0,77,usa
223,dodge monaco brougham,15.5,8,318.0,145.0,4140,13.7,77,usa
224,mercury cougar brougham,15.0,8,302.0,130.0,4295,14.9,77,usa
225,chevrolet concours,17.5,6,250.0,110.0,3520,16.4,77,usa
226,buick skylark,20.5,6,231.0,105.0,3425,16.9,77,usa
227,plymouth volare custom,19.0,6,225.0,100.0,3630,17.7,77,usa
228,ford granada,18.5,6,250.0,98.0,3525,19.0,77,usa
229,pontiac grand prix lj,16.0,8,400.0,180.0,4220,11.1,77,usa
230,chevrolet monte carlo landau,15.5,8,350.0,170.0,4165,11.4,77,usa
231,chrysler cordoba,15.5,8,400.0,190.0,4325,12.2,77,usa
232,ford thunderbird,16.0,8,351.0,149.0,4335,14.5,77,usa
233,volkswagen rabbit custom,29.0,4,97.0,78.0,1940,14.5,77,europe
234,pontiac sunbird coupe,24.5,4,151.0,88.0,2740,16.0,77,usa
235,toyota corolla liftback,26.0,4,97.0,75.0,2265,18.2,77,japan
236,ford mustang ii 2+2,25.5,4,140.0,89.0,2755,15.8,77,usa
237,chevrolet chevette,30.5,4,98.0,63.0,2051,17.0,77,usa
238,dodge colt m/m,33.5,4,98.0,83.0,2075,15.9,77,usa
239,subaru dl,30.0,4,97.0,67.0,1985,16.4,77,japan
240,volkswagen dasher,30.5,4,97.0,78.0,2190,14.1,77,europe
241,datsun 810,22.0,6,146.0,97.0,2815,14.5,77,japan
242,bmw 320i,21.5,4,121.0,110.0,2600,12.8,77,europe
243,mazda rx-4,21.5,3,80.0,110.0,2720,13.5,77,japan
244,volkswagen rabbit custom diesel,43.1,4,90.0,48.0,1985,21.5,78,europe
245,ford fiesta,36.1,4,98.0,66.0,1800,14.4,78,usa
246,mazda glc deluxe,32.8,4,78.0,52.0,1985,19.4,78,japan
247,datsun b210 gx,39.4,4,85.0,70.0,2070,18.6,78,japan
248,honda civic cvcc,36.1,4,91.0,60.0,1800,16.4,78,japan
249,oldsmobile cutlass salon brougham,19.9,8,260.0,110.0,3365,15.5,78,usa
250,dodge diplomat,19.4,8,318.0,140.0,3735,13.2,78,usa
251,mercury monarch ghia,20.2,8,302.0,139.0,3570,12.8,78,usa
252,pontiac phoenix lj,19.2,6,231.0,105.0,3535,19.2,78,usa
253,chevrolet malibu,20.5,6,200.0,95.0,3155,18.2,78,usa
254,ford fairmont (auto),20.2,6,200.0,85.0,2965,15.8,78,usa
255,ford fairmont (man),25.1,4,140.0,88.0,2720,15.4,78,usa
256,plymouth volare,20.5,6,225.0,100.0,3430,17.2,78,usa
257,amc concord,19.4,6,232.0,90.0,3210,17.2,78,usa
258,buick century special,20.6,6,231.0,105.0,3380,15.8,78,usa
259,mercury zephyr,20.8,6,200.0,85.0,3070,16.7,78,usa
260,dodge aspen,18.6,6,225.0,110.0,3620,18.7,78,usa
261,amc concord d/l,18.1,6,258.0,120.0,3410,15.1,78,usa
262,chevrolet monte carlo landau,19.2,8,305.0,145.0,3425,13.2,78,usa
263,buick regal sport coupe (turbo),17.7,6,231.0,165.0,3445,13.4,78,usa
264,ford futura,18.1,8,302.0,139.0,3205,11.2,78,usa
265,dodge magnum xe,17.5,8,318.0,140.0,4080,13.7,78,usa
266,chevrolet chevette,30.0,4,98.0,68.0,2155,16.5,78,usa
267,toyota corona,27.5,4,134.0,95.0,2560,14.2,78,japan
268,datsun 510,27.2,4,119.0,97.0,2300,14.7,78,japan
269,dodge omni,30.9,4,105.0,75.0,2230,14.5,78,usa
270,toyota celica gt liftback,21.1,4,134.0,95.0,2515,14.8,78,japan
271,plymouth sapporo,23.2,4,156.0,105.0,2745,16.7,78,usa
272,oldsmobile starfire sx,23.8,4,151.0,85.0,2855,17.6,78,usa
273,datsun 200-sx,23.9,4,119.0,97.0,2405,14.9,78,japan
274,audi 5000,20.3,5,131.0,103.0,2830,15.9,78,europe
275,volvo 264gl,17.0,6,163.0,125.0,3140,13.6,78,europe
276,saab 99gle,21.6,4,121.0,115.0,2795,15.7,78,europe
277,peugeot 604sl,16.2,6,163.0,133.0,3410,15.8,78,europe
278,volkswagen scirocco,31.5,4,89.0,71.0,1990,14.9,78,europe
279,honda accord lx,29.5,4,98.0,68.0,2135,16.6,78,japan
280,pontiac lemans v6,21.5,6,231.0,115.0,3245,15.4,79,usa
281,mercury zephyr 6,19.8,6,200.0,85.0,2990,18.2,79,usa
282,ford fairmont 4,22.3,4,140.0,88.0,2890,17.3,79,usa
283,amc concord dl 6,20.2,6,232.0,90.0,3265,18.2,79,usa
284,dodge aspen 6,20.6,6,225.0,110.0,3360,16.6,79,usa
285,chevrolet caprice classic,17.0,8,305.0,130.0,3840,15.4,79,usa
286,ford ltd landau,17.6,8,302.0,129.0,3725,13.4,79,usa
287,mercury grand marquis,16.5,8,351.0,138.0,3955,13.2,79,usa
288,dodge st. regis,18.2,8,318.0,135.0,3830,15.2,79,usa
289,buick estate wagon (sw),16.9,8,350.0,155.0,4360,14.9,79,usa
290,ford country squire (sw),15.5,8,351.0,142.0,4054,14.3,79,usa
291,chevrolet malibu classic (sw),19.2,8,267.0,125.0,3605,15.0,79,usa
292,chrysler lebaron town @ country (sw),18.5,8,360.0,150.0,3940,13.0,79,usa
293,vw rabbit custom,31.9,4,89.0,71.0,1925,14.0,79,europe
294,maxda glc deluxe,34.1,4,86.0,65.0,1975,15.2,79,japan
295,dodge colt hatchback custom,35.7,4,98.0,80.0,1915,14.4,79,usa
296,amc spirit dl,27.4,4,121.0,80.0,2670,15.0,79,usa
297,mercedes benz 300d,25.4,5,183.0,77.0,3530,20.1,79,europe
298,cadillac eldorado,23.0,8,350.0,125.0,3900,17.4,79,usa
299,peugeot 504,27.2,4,141.0,71.0,3190,24.8,79,europe
300,oldsmobile cutlass salon brougham,23.9,8,260.0,90.0,3420,22.2,79,usa
301,plymouth horizon,34.2,4,105.0,70.0,2200,13.2,79,usa
302,plymouth horizon tc3,34.5,4,105.0,70.0,2150,14.9,79,usa
303,datsun 210,31.8,4,85.0,65.0,2020,19.2,79,japan
304,fiat strada custom,37.3,4,91.0,69.0,2130,14.7,79,europe
305,buick skylark limited,28.4,4,151.0,90.0,2670,16.0,79,usa
306,chevrolet citation,28.8,6,173.0,115.0,2595,11.3,79,usa
307,oldsmobile omega brougham,26.8,6,173.0,115.0,2700,12.9,79,usa
308,pontiac phoenix,33.5,4,151.0,90.0,2556,13.2,79,usa
309,vw rabbit,41.5,4,98.0,76.0,2144,14.7,80,europe
310,toyota corolla tercel,38.1,4,89.0,60.0,1968,18.8,80,japan
311,chevrolet chevette,32.1,4,98.0,70.0,2120,15.5,80,usa
312,datsun 310,37.2,4,86.0,65.0,2019,16.4,80,japan
313,chevrolet citation,28.0,4,151.0,90.0,2678,16.5,80,usa
314,ford fairmont,26.4,4,140.0,88.0,2870,18.1,80,usa
315,amc concord,24.3,4,151.0,90.0,3003,20.1,80,usa
316,dodge aspen,19.1,6,225.0,90.0,3381,18.7,80,usa
317,audi 4000,34.3,4,97.0,78.0,2188,15.8,80,europe
318,toyota corona liftback,29.8,4,134.0,90.0,2711,15.5,80,japan
319,mazda 626,31.3,4,120.0,75.0,2542,17.5,80,japan
320,datsun 510 hatchback,37.0,4,119.0,92.0,2434,15.0,80,japan
321,toyota corolla,32.2,4,108.0,75.0,2265,15.2,80,japan
322,mazda glc,46.6,4,86.0,65.0,2110,17.9,80,japan
323,dodge colt,27.9,4,156.0,105.0,2800,14.4,80,usa
324,datsun 210,40.8,4,85.0,65.0,2110,19.2,80,japan
325,vw rabbit c (diesel),44.3,4,90.0,48.0,2085,21.7,80,europe
326,vw dasher (diesel),43.4,4,90.0,48.0,2335,23.7,80,europe
327,audi 5000s (diesel),36.4,5,121.0,67.0,2950,19.9,80,europe
328,mercedes-benz 240d,30.0,4,146.0,67.0,3250,21.8,80,europe
329,honda civic 1500 gl,44.6,4,91.0,67.0,1850,13.8,80,japan
330,renault lecar deluxe,40.9,4,85.0,104.46938775510205,1835,17.3,80,europe
331,subaru dl,33.8,4,97.0,67.0,2145,18.0,80,japan
332,vokswagen rabbit,29.8,4,89.0,62.0,1845,15.3,80,europe
333,datsun 280-zx,32.7,6,168.0,132.0,2910,11.4,80,japan
334,mazda rx-7 gs,23.7,3,70.0,100.0,2420,12.5,80,japan
335,triumph tr7 coupe,35.0,4,122.0,88.0,2500,15.1,80,europe
336,ford mustang cobra,23.6,4,140.0,104.46938775510205,2905,14.3,80,usa
337,honda accord,32.4,4,107.0,72.0,2290,17.0,80,japan
338,plymouth reliant,27.2,4,135.0,84.0,2490,15.7,81,usa
339,buick skylark,26.6,4,151.0,84.0,2635,16.4,81,usa
340,dodge aries wagon (sw),25.8,4,156.0,92.0,2620,14.4,81,usa
341,chevrolet citation,23.5,6,173.0,110.0,2725,12.6,81,usa
342,plymouth reliant,30.0,4,135.0,84.0,2385,12.9,81,usa
343,toyota starlet,39.1,4,79.0,58.0,1755,16.9,81,japan
344,plymouth champ,39.0,4,86.0,64.0,1875,16.4,81,usa
345,honda civic 1300,35.1,4,81.0,60.0,1760,16.1,81,japan
346,subaru,32.3,4,97.0,67.0,2065,17.8,81,japan
347,datsun 210 mpg,37.0,4,85.0,65.0,1975,19.4,81,japan
348,toyota tercel,37.7,4,89.0,62.0,2050,17.3,81,japan
349,mazda glc 4,34.1,4,91.0,68.0,1985,16.0,81,japan
350,plymouth horizon 4,34.7,4,105.0,63.0,2215,14.9,81,usa
351,ford escort 4w,34.4,4,98.0,65.0,2045,16.2,81,usa
352,ford escort 2h,29.9,4,98.0,65.0,2380,20.7,81,usa
353,volkswagen jetta,33.0,4,105.0,74.0,2190,14.2,81,europe
354,renault 18i,34.5,4,100.0,104.46938775510205,2320,15.8,81,europe
355,honda prelude,33.7,4,107.0,75.0,2210,14.4,81,japan
356,toyota corolla,32.4,4,108.0,75.0,2350,16.8,81,japan
357,datsun 200sx,32.9,4,119.0,100.0,2615,14.8,81,japan
358,mazda 626,31.6,4,120.0,74.0,2635,18.3,81,japan
359,peugeot 505s turbo diesel,28.1,4,141.0,80.0,3230,20.4,81,europe
360,volvo diesel,30.7,6,145.0,76.0,3160,19.6,81,europe
361,toyota cressida,25.4,6,168.0,116.0,2900,12.6,81,japan
362,datsun 810 maxima,24.2,6,146.0,120.0,2930,13.8,81,japan
363,buick century,22.4,6,231.0,110.0,3415,15.8,81,usa
364,oldsmobile cutlass ls,26.6,8,350.0,105.0,3725,19.0,81,usa
365,ford granada gl,20.2,6,200.0,88.0,3060,17.1,81,usa
366,chrysler lebaron salon,17.6,6,225.0,85.0,3465,16.6,81,usa
367,chevrolet cavalier,28.0,4,112.0,88.0,2605,19.6,82,usa
368,chevrolet cavalier wagon,27.0,4,112.0,88.0,2640,18.6,82,usa
369,chevrolet cavalier 2-door,34.0,4,112.0,88.0,2395,18.0,82,usa
370,pontiac j2000 se hatchback,31.0,4,112.0,85.0,2575,16.2,82,usa
371,dodge aries se,29.0,4,135.0,84.0,2525,16.0,82,usa
372,pontiac phoenix,27.0,4,151.0,90.0,2735,18.0,82,usa
373,ford fairmont futura,24.0,4,140.0,92.0,2865,16.4,82,usa
374,amc concord dl,23.0,4,151.0,104.46938775510205,3035,20.5,82,usa
375,volkswagen rabbit l,36.0,4,105.0,74.0,1980,15.3,82,europe
376,mazda glc custom l,37.0,4,91.0,68.0,2025,18.2,82,japan
377,mazda glc custom,31.0,4,91.0,68.0,1970,17.6,82,japan
378,plymouth horizon miser,38.0,4,105.0,63.0,2125,14.7,82,usa
379,mercury lynx l,36.0,4,98.0,70.0,2125,17.3,82,usa
380,nissan stanza xe,36.0,4,120.0,88.0,2160,14.5,82,japan
381,honda accord,36.0,4,107.0,75.0,2205,14.5,82,japan
382,toyota corolla,34.0,4,108.0,70.0,2245,16.9,82,japan
383,honda civic,38.0,4,91.0,67.0,1965,15.0,82,japan
384,honda civic (auto),32.0,4,91.0,67.0,1965,15.7,82,japan
385,datsun 310 gx,38.0,4,91.0,67.0,1995,16.2,82,japan
386,buick century limited,25.0,6,181.0,110.0,2945,16.4,82,usa
387,oldsmobile cutlass ciera (diesel),38.0,6,262.0,85.0,3015,17.0,82,usa
388,chrysler lebaron medallion,26.0,4,156.0,92.0,2585,14.5,82,usa
389,ford granada l,22.0,6,232.0,112.0,2835,14.7,82,usa
390,toyota celica gt,32.0,4,144.0,96.0,2665,13.9,82,japan
391,dodge charger 2.2,36.0,4,135.0,84.0,2370,13.0,82,usa
392,chevrolet camaro,27.0,4,151.0,90.0,2950,17.3,82,usa
393,ford mustang gl,27.0,4,140.0,86.0,2790,15.6,82,usa
394,vw pickup,44.0,4,97.0,52.0,2130,24.6,82,europe
395,dodge rampage,32.0,4,135.0,84.0,2295,11.6,82,usa
396,ford ranger,28.0,4,120.0,79.0,2625,18.6,82,usa
397,chevy s-10,31.0,4,119.0,82.0,2720,19.4,82,usa
